-- SpendWise Database Dump
-- Generated on 2026-03-02T06:19:19.404Z

-- SCHEMA START --
-- CreateEnum
CREATE TYPE "ReportFrequency" AS ENUM ('WEEKLY', 'MONTHLY');

-- CreateEnum
CREATE TYPE "TrackingMode" AS ENUM ('CALENDAR', 'BUDGET');

-- CreateEnum
CREATE TYPE "CategoryFrequency" AS ENUM ('DAILY', 'WEEKLY', 'MONTHLY', 'CUSTOM', 'WEEKDAYS');

-- CreateTable
CREATE TABLE "User" (
    "id" TEXT NOT NULL,
    "clerkId" TEXT NOT NULL,
    "email" TEXT NOT NULL,
    "reportFrequency" "ReportFrequency" NOT NULL DEFAULT 'MONTHLY',
    "reportDay" INTEGER NOT NULL DEFAULT 1,
    "showStocksInSummary" BOOLEAN NOT NULL DEFAULT false,
    "showMutualFundsInSummary" BOOLEAN NOT NULL DEFAULT false,
    "createdAt" TIMESTAMP(3) NOT NULL DEFAULT CURRENT_TIMESTAMP,

    CONSTRAINT "User_pkey" PRIMARY KEY ("id")
);

-- CreateTable
CREATE TABLE "Category" (
    "id" TEXT NOT NULL,
    "userId" TEXT NOT NULL,
    "name" TEXT NOT NULL,
    "trackingMode" "TrackingMode" NOT NULL DEFAULT 'CALENDAR',
    "frequency" "CategoryFrequency" NOT NULL DEFAULT 'MONTHLY',
    "intervalCount" INTEGER NOT NULL DEFAULT 1,
    "specificDays" INTEGER[],
    "fixedAmount" DOUBLE PRECISION,
    "budgetLimit" DOUBLE PRECISION,
    "isEmailEnabled" BOOLEAN NOT NULL DEFAULT true,
    "isActive" BOOLEAN NOT NULL DEFAULT true,
    "isRecurring" BOOLEAN NOT NULL DEFAULT false,
    "color" TEXT,
    "icon" TEXT,
    "sortOrder" INTEGER NOT NULL DEFAULT 0,
    "createdAt" TIMESTAMP(3) NOT NULL DEFAULT CURRENT_TIMESTAMP,

    CONSTRAINT "Category_pkey" PRIMARY KEY ("id")
);

-- CreateTable
CREATE TABLE "Expense" (
    "id" TEXT NOT NULL,
    "userId" TEXT NOT NULL,
    "categoryId" TEXT NOT NULL,
    "amount" DOUBLE PRECISION NOT NULL,
    "date" TIMESTAMP(3) NOT NULL DEFAULT CURRENT_TIMESTAMP,
    "isAutoGenerated" BOOLEAN NOT NULL DEFAULT false,
    "description" TEXT,
    "createdAt" TIMESTAMP(3) NOT NULL DEFAULT CURRENT_TIMESTAMP,

    CONSTRAINT "Expense_pkey" PRIMARY KEY ("id")
);

-- CreateTable
CREATE TABLE "RecurringState" (
    "id" TEXT NOT NULL,
    "categoryId" TEXT NOT NULL,
    "lastGeneratedDate" TIMESTAMP(3) NOT NULL,

    CONSTRAINT "RecurringState_pkey" PRIMARY KEY ("id")
);

-- CreateTable
CREATE TABLE "Stock" (
    "id" TEXT NOT NULL,
    "userId" TEXT NOT NULL,
    "symbol" TEXT NOT NULL,
    "quantity" DOUBLE PRECISION NOT NULL,
    "avgPrice" DOUBLE PRECISION NOT NULL,
    "createdAt" TIMESTAMP(3) NOT NULL DEFAULT CURRENT_TIMESTAMP,

    CONSTRAINT "Stock_pkey" PRIMARY KEY ("id")
);

-- CreateTable
CREATE TABLE "MutualFund" (
    "id" TEXT NOT NULL,
    "userId" TEXT NOT NULL,
    "symbol" TEXT NOT NULL,
    "quantity" DOUBLE PRECISION NOT NULL,
    "avgPrice" DOUBLE PRECISION NOT NULL,
    "createdAt" TIMESTAMP(3) NOT NULL DEFAULT CURRENT_TIMESTAMP,

    CONSTRAINT "MutualFund_pkey" PRIMARY KEY ("id")
);

-- CreateTable
CREATE TABLE "PushSubscription" (
    "id" TEXT NOT NULL,
    "userId" TEXT NOT NULL,
    "endpoint" TEXT NOT NULL,
    "p256dh" TEXT NOT NULL,
    "auth" TEXT NOT NULL,
    "createdAt" TIMESTAMP(3) NOT NULL DEFAULT CURRENT_TIMESTAMP,

    CONSTRAINT "PushSubscription_pkey" PRIMARY KEY ("id")
);

-- CreateIndex
CREATE UNIQUE INDEX "User_clerkId_key" ON "User"("clerkId");

-- CreateIndex
CREATE UNIQUE INDEX "User_email_key" ON "User"("email");

-- CreateIndex
CREATE UNIQUE INDEX "Category_userId_name_key" ON "Category"("userId", "name");

-- CreateIndex
CREATE UNIQUE INDEX "RecurringState_categoryId_key" ON "RecurringState"("categoryId");

-- CreateIndex
CREATE UNIQUE INDEX "PushSubscription_endpoint_key" ON "PushSubscription"("endpoint");

-- AddForeignKey
ALTER TABLE "Category" ADD CONSTRAINT "Category_userId_fkey" FOREIGN KEY ("userId") REFERENCES "User"("clerkId") ON DELETE CASCADE ON UPDATE CASCADE;

-- AddForeignKey
ALTER TABLE "Expense" ADD CONSTRAINT "Expense_userId_fkey" FOREIGN KEY ("userId") REFERENCES "User"("clerkId") ON DELETE CASCADE ON UPDATE CASCADE;

-- AddForeignKey
ALTER TABLE "Expense" ADD CONSTRAINT "Expense_categoryId_fkey" FOREIGN KEY ("categoryId") REFERENCES "Category"("id") ON DELETE CASCADE ON UPDATE CASCADE;

-- AddForeignKey
ALTER TABLE "RecurringState" ADD CONSTRAINT "RecurringState_categoryId_fkey" FOREIGN KEY ("categoryId") REFERENCES "Category"("id") ON DELETE CASCADE ON UPDATE CASCADE;

-- AddForeignKey
ALTER TABLE "Stock" ADD CONSTRAINT "Stock_userId_fkey" FOREIGN KEY ("userId") REFERENCES "User"("clerkId") ON DELETE CASCADE ON UPDATE CASCADE;

-- AddForeignKey
ALTER TABLE "MutualFund" ADD CONSTRAINT "MutualFund_userId_fkey" FOREIGN KEY ("userId") REFERENCES "User"("clerkId") ON DELETE CASCADE ON UPDATE CASCADE;

-- AddForeignKey
ALTER TABLE "PushSubscription" ADD CONSTRAINT "PushSubscription_userId_fkey" FOREIGN KEY ("userId") REFERENCES "User"("id") ON DELETE CASCADE ON UPDATE CASCADE;

-- SCHEMA END --

-- DATA START --
SET session_replication_role = 'replica';

INSERT INTO "user" ("id", "clerkId", "email", "reportFrequency", "reportDay", "showStocksInSummary", "showMutualFundsInSummary", "createdAt") VALUES 
('cmlb3leqi0000roc6v7u26jds', 'user_39It21IfZ4o3qVcnLfbDF3WaJhh', 'prachithacker06@gmail.com', 'MONTHLY', 1, false, false, '2026-02-06T16:26:44.827Z'),
('cmlrpjngl0000nbg8aggq1fxz', 'user_39pihHiTgGMHERpLBGpCKCORa7n', 'padhara0069@gmail.com', 'MONTHLY', 1, false, false, '2026-02-18T07:25:33.189Z'),
('cmlapshzi0000fhcajybc8b22', 'user_39I81aeJK4a7G6Yd5mN164JsnKw', 'srjtheinfinity1035@gmail.com', 'MONTHLY', 1, false, false, '2026-02-06T10:00:21.006Z');

INSERT INTO "category" ("id", "userId", "name", "trackingMode", "frequency", "intervalCount", "specificDays", "fixedAmount", "budgetLimit", "isEmailEnabled", "isActive", "isRecurring", "color", "icon", "sortOrder", "createdAt") VALUES 
('cmlassf1k0005ody8sgntla7k', 'user_39I81aeJK4a7G6Yd5mN164JsnKw', 'Rent', 'BUDGET', 'MONTHLY', 1, '{""}', NULL, 5200, true, true, false, '#3B82F6', '🏠', 2, '2026-02-06T11:24:15.762Z'),
('cmlasqdyy0001ody8mh6oaekh', 'user_39I81aeJK4a7G6Yd5mN164JsnKw', 'Bike', 'BUDGET', 'MONTHLY', 1, '{""}', NULL, 1700, true, true, false, '#F43F5E', '⛽', 3, '2026-02-06T11:22:41.031Z'),
('cmlb3t01y0002roc6tdaqld27', 'user_39I81aeJK4a7G6Yd5mN164JsnKw', 'Outside Food', 'BUDGET', 'MONTHLY', 1, '{""}', NULL, 2000, true, true, false, '#8B5CF6', '🛒', 4, '2026-02-06T16:32:39.046Z'),
('cmlb3wlgm0006roc6i5pow3yf', 'user_39I81aeJK4a7G6Yd5mN164JsnKw', 'Extras', 'BUDGET', 'MONTHLY', 1, '{""}', NULL, 2000, true, true, false, '#8B5CF6', '💰', 5, '2026-02-06T16:35:26.758Z'),
('cmlq4etx90007d6hgv1g928rl', 'user_39I81aeJK4a7G6Yd5mN164JsnKw', 'Car', 'BUDGET', 'MONTHLY', 1, '{""}', NULL, 5000, true, true, false, '#8B5CF6', '⛽', 6, '2026-02-17T04:46:10.173Z'),
('cmlrplbru0001uje1agj25697', 'user_39pihHiTgGMHERpLBGpCKCORa7n', 'looooo', 'CALENDAR', 'WEEKDAYS', 1, '{"1","2","3","4","5"}', 100, NULL, true, true, false, '#8B5CF6', '🍽️', 0, '2026-02-18T07:26:51.355Z'),
('cmlaqhh2x000111ez3qg6rnos', 'user_39I81aeJK4a7G6Yd5mN164JsnKw', 'Lunch UMA Gift Tiffin Service', 'CALENDAR', 'WEEKDAYS', 1, '{"1","2","3","4","5"}', 100, NULL, true, true, true, '#06B6D4', '🍽️', 0, '2026-02-06T10:19:45.959Z'),
('cmlar0e58000p11ezsccuclcw', 'user_39I81aeJK4a7G6Yd5mN164JsnKw', 'Dinner Tiffin Service ', 'CALENDAR', 'WEEKDAYS', 1, '{"1","2","3","4","5"}', 90, NULL, true, true, true, '#10B981', '🍽️', 1, '2026-02-06T10:34:28.620Z'),
('cmm7cahhc0001norsmg6e5jji', 'user_39It21IfZ4o3qVcnLfbDF3WaJhh', 'Lunch', 'CALENDAR', 'WEEKDAYS', 1, '{"1","2","3","4","5"}', 100, NULL, true, true, true, '#8B5CF6', '🍽️', 0, '2026-03-01T05:58:49.343Z'),
('cmm7cb11h0003norsfp2ludqy', 'user_39It21IfZ4o3qVcnLfbDF3WaJhh', 'Dinner', 'CALENDAR', 'WEEKDAYS', 1, '{"1","2","3","4","5"}', 90, NULL, true, true, true, '#8B5CF6', '🍽️', 1, '2026-03-01T05:59:14.693Z');

INSERT INTO "expense" ("id", "userId", "categoryId", "amount", "date", "isAutoGenerated", "description", "createdAt") VALUES 
('cmlar0uae000x11ezio37bapd', 'user_39I81aeJK4a7G6Yd5mN164JsnKw', 'cmlar0e58000p11ezsccuclcw', 90, '2026-02-03T18:30:00.000Z', false, 'Manual entry: Dinner Tiffin Service ', '2026-02-06T10:34:49.815Z'),
('cmlfd5hka0005zt5f7mjzhuy0', 'user_39I81aeJK4a7G6Yd5mN164JsnKw', 'cmlar0e58000p11ezsccuclcw', 90, '2026-02-09T00:00:00.000Z', false, 'Manual entry: Dinner Tiffin Service ', '2026-02-09T16:05:22.859Z'),
('cmlar0tjd000v11ez05yqkuy3', 'user_39I81aeJK4a7G6Yd5mN164JsnKw', 'cmlar0e58000p11ezsccuclcw', 90, '2026-02-03T00:00:00.000Z', false, 'Manual entry: Dinner Tiffin Service ', '2026-02-06T10:34:48.841Z'),
('cmlasrmzy0003ody8ahsd4kbu', 'user_39I81aeJK4a7G6Yd5mN164JsnKw', 'cmlasqdyy0001ody8mh6oaekh', 420, '2026-02-03T00:00:00.000Z', false, '', '2026-02-06T11:23:39.394Z'),
('cmlat61xa0001hawsxl1mgcki', 'user_39I81aeJK4a7G6Yd5mN164JsnKw', 'cmlassf1k0005ody8sgntla7k', 5200, '2026-02-06T00:00:00.000Z', false, '', '2026-02-06T11:34:51.883Z'),
('cmlatday00003hawssnsen8yb', 'user_39I81aeJK4a7G6Yd5mN164JsnKw', 'cmlar0e58000p11ezsccuclcw', 90, '2026-02-01T18:30:00.000Z', false, 'Manual entry: Dinner Tiffin Service ', '2026-02-06T11:40:30.504Z'),
('cmlb3v5x10004roc60egvwnct', 'user_39I81aeJK4a7G6Yd5mN164JsnKw', 'cmlb3t01y0002roc6tdaqld27', 160, '2026-02-06T00:00:00.000Z', false, 'Toast, vadapav, Puff', '2026-02-06T16:34:19.762Z'),
('cmlbrfv45000h65iz1q1qei6q', 'user_39I81aeJK4a7G6Yd5mN164JsnKw', 'cmlar0e58000p11ezsccuclcw', 90, '2026-02-04T00:00:00.000Z', false, 'Manual entry: Dinner Tiffin Service ', '2026-02-07T03:34:16.902Z'),
('cmlbrfznc000j65izjcyb1tu8', 'user_39I81aeJK4a7G6Yd5mN164JsnKw', 'cmlar0e58000p11ezsccuclcw', 90, '2026-02-05T00:00:00.000Z', false, 'Manual entry: Dinner Tiffin Service ', '2026-02-07T03:34:22.575Z'),
('cmlbrg6fz000n65izvjb5kcw2', 'user_39I81aeJK4a7G6Yd5mN164JsnKw', 'cmlar0e58000p11ezsccuclcw', 90, '2026-02-06T00:00:00.000Z', false, 'Manual entry: Dinner Tiffin Service ', '2026-02-07T03:34:31.584Z'),
('cmlbrnoe70005tc1yhdk1tcnk', 'user_39I81aeJK4a7G6Yd5mN164JsnKw', 'cmlaqhh2x000111ez3qg6rnos', 100, '2026-02-06T00:00:00.000Z', false, 'Manual entry: Lunch UMA Gift Tiffin Service', '2026-02-07T03:40:21.439Z'),
('cmlg39zxw0005l7y5zabieqsg', 'user_39I81aeJK4a7G6Yd5mN164JsnKw', 'cmlaqhh2x000111ez3qg6rnos', 100, '2026-02-09T18:30:00.000Z', false, 'Manual entry: Lunch UMA Gift Tiffin Service', '2026-02-10T04:16:43.316Z'),
('cmlg3a3830007l7y58m5sev44', 'user_39I81aeJK4a7G6Yd5mN164JsnKw', 'cmlar0e58000p11ezsccuclcw', 90, '2026-02-09T18:30:00.000Z', false, 'Manual entry: Dinner Tiffin Service ', '2026-02-10T04:16:47.572Z'),
('cmlg3b0200009l7y5dw43nhtw', 'user_39I81aeJK4a7G6Yd5mN164JsnKw', 'cmlasqdyy0001ody8mh6oaekh', 420, '2026-02-10T00:00:00.000Z', false, '', '2026-02-10T04:17:29.849Z'),
('cmlg3lypn000bl7y57uzehzda', 'user_39I81aeJK4a7G6Yd5mN164JsnKw', 'cmlb3t01y0002roc6tdaqld27', 300, '2026-02-10T00:00:00.000Z', false, '', '2026-02-10T04:25:59.627Z'),
('cmlg3m87s000dl7y5hbveole8', 'user_39I81aeJK4a7G6Yd5mN164JsnKw', 'cmlb3t01y0002roc6tdaqld27', 750, '2026-02-10T00:00:00.000Z', false, '', '2026-02-10T04:26:13.912Z'),
('cmlkiapw50001137mrkvbcmky', 'user_39I81aeJK4a7G6Yd5mN164JsnKw', 'cmlaqhh2x000111ez3qg6rnos', 100, '2026-02-10T00:00:00.000Z', false, 'Manual entry: Lunch UMA Gift Tiffin Service', '2026-02-13T06:28:15.894Z'),
('cmlkias2s0003137m2jzl3w98', 'user_39I81aeJK4a7G6Yd5mN164JsnKw', 'cmlaqhh2x000111ez3qg6rnos', 100, '2026-02-11T00:00:00.000Z', false, 'Manual entry: Lunch UMA Gift Tiffin Service', '2026-02-13T06:28:18.725Z'),
('cmlkiasy20005137mia05ft1d', 'user_39I81aeJK4a7G6Yd5mN164JsnKw', 'cmlaqhh2x000111ez3qg6rnos', 100, '2026-02-12T00:00:00.000Z', false, 'Manual entry: Lunch UMA Gift Tiffin Service', '2026-02-13T06:28:19.851Z'),
('cmlkib1bg0009137mv973fw63', 'user_39I81aeJK4a7G6Yd5mN164JsnKw', 'cmlar0e58000p11ezsccuclcw', 90, '2026-02-10T00:00:00.000Z', false, 'Manual entry: Dinner Tiffin Service ', '2026-02-13T06:28:30.700Z'),
('cmlkibl0a000b137mrk6p6j9i', 'user_39I81aeJK4a7G6Yd5mN164JsnKw', 'cmlar0e58000p11ezsccuclcw', 90, '2026-02-12T00:00:00.000Z', false, 'Manual entry: Dinner Tiffin Service ', '2026-02-13T06:28:56.219Z'),
('cmlkiblx7000d137mro83z7w7', 'user_39I81aeJK4a7G6Yd5mN164JsnKw', 'cmlar0e58000p11ezsccuclcw', 90, '2026-02-13T00:00:00.000Z', false, 'Manual entry: Dinner Tiffin Service ', '2026-02-13T06:28:57.404Z'),
('cmlkibts4000f137mn8c777jl', 'user_39I81aeJK4a7G6Yd5mN164JsnKw', 'cmlasqdyy0001ody8mh6oaekh', 420, '2026-02-13T00:00:00.000Z', false, '', '2026-02-13T06:29:07.588Z'),
('cmlq4d62g0001d6hgvpr5mh6w', 'user_39I81aeJK4a7G6Yd5mN164JsnKw', 'cmlaqhh2x000111ez3qg6rnos', 100, '2026-02-13T00:00:00.000Z', false, 'Manual entry: Lunch UMA Gift Tiffin Service', '2026-02-17T04:44:52.600Z'),
('cmlq4dccg0003d6hgh5p4bbqn', 'user_39I81aeJK4a7G6Yd5mN164JsnKw', 'cmlaqhh2x000111ez3qg6rnos', 100, '2026-02-17T00:00:00.000Z', false, 'Manual entry: Lunch UMA Gift Tiffin Service', '2026-02-17T04:45:00.737Z'),
('cmlrplkjd0003uje1zaaquk83', 'user_39pihHiTgGMHERpLBGpCKCORa7n', 'cmlrplbru0001uje1agj25697', 100, '2026-02-18T00:00:00.000Z', false, 'Manual entry: looooo', '2026-02-18T07:27:02.713Z'),
('cmlrplo1t0005uje1v1psi5t8', 'user_39pihHiTgGMHERpLBGpCKCORa7n', 'cmlrplbru0001uje1agj25697', 100, '2026-02-19T00:00:00.000Z', false, 'Manual entry: looooo', '2026-02-18T07:27:07.266Z'),
('cmlrsvozl000110dzdvtpl6xv', 'user_39I81aeJK4a7G6Yd5mN164JsnKw', 'cmlaqhh2x000111ez3qg6rnos', 100, '2026-02-18T00:00:00.000Z', false, 'Manual entry: Lunch UMA Gift Tiffin Service', '2026-02-18T08:58:53.889Z'),
('cmm3drfb600011ttx3ri4s2hz', 'user_39I81aeJK4a7G6Yd5mN164JsnKw', 'cmlar0e58000p11ezsccuclcw', 90, '2026-02-24T00:00:00.000Z', false, 'Manual entry: Dinner Tiffin Service ', '2026-02-26T11:28:54.594Z'),
('cmm3drhf700031ttxuasxgks0', 'user_39I81aeJK4a7G6Yd5mN164JsnKw', 'cmlar0e58000p11ezsccuclcw', 90, '2026-02-25T00:00:00.000Z', false, 'Manual entry: Dinner Tiffin Service ', '2026-02-26T11:28:57.331Z'),
('cmm3drig400051ttx7hf698k3', 'user_39I81aeJK4a7G6Yd5mN164JsnKw', 'cmlaqhh2x000111ez3qg6rnos', 100, '2026-02-25T00:00:00.000Z', false, 'Manual entry: Lunch UMA Gift Tiffin Service', '2026-02-26T11:28:58.660Z'),
('cmm3drjd500071ttxwbwryjp7', 'user_39I81aeJK4a7G6Yd5mN164JsnKw', 'cmlaqhh2x000111ez3qg6rnos', 100, '2026-02-24T00:00:00.000Z', false, 'Manual entry: Lunch UMA Gift Tiffin Service', '2026-02-26T11:28:59.849Z'),
('cmm3drlyy00091ttxqbi2fryv', 'user_39I81aeJK4a7G6Yd5mN164JsnKw', 'cmlar0e58000p11ezsccuclcw', 90, '2026-02-23T00:00:00.000Z', false, 'Manual entry: Dinner Tiffin Service ', '2026-02-26T11:29:03.227Z'),
('cmm3drqjd000b1ttxwmmm480x', 'user_39I81aeJK4a7G6Yd5mN164JsnKw', 'cmlaqhh2x000111ez3qg6rnos', 100, '2026-02-26T00:00:00.000Z', false, 'Manual entry: Lunch UMA Gift Tiffin Service', '2026-02-26T11:29:09.146Z'),
('cmm3dtct3000d1ttxgwts5q1r', 'user_39I81aeJK4a7G6Yd5mN164JsnKw', 'cmlar0e58000p11ezsccuclcw', 90, '2026-02-18T00:00:00.000Z', false, 'Manual entry: Dinner Tiffin Service ', '2026-02-26T11:30:24.663Z'),
('cmm3dtdtp000f1ttx8wkl77kg', 'user_39I81aeJK4a7G6Yd5mN164JsnKw', 'cmlar0e58000p11ezsccuclcw', 90, '2026-02-17T00:00:00.000Z', false, 'Manual entry: Dinner Tiffin Service ', '2026-02-26T11:30:25.981Z'),
('cmm3dtejo000h1ttxeq5q2hzc', 'user_39I81aeJK4a7G6Yd5mN164JsnKw', 'cmlar0e58000p11ezsccuclcw', 90, '2026-02-16T00:00:00.000Z', false, 'Manual entry: Dinner Tiffin Service ', '2026-02-26T11:30:26.916Z'),
('cmm3fv8jq0001hsvux4dblxlh', 'user_39I81aeJK4a7G6Yd5mN164JsnKw', 'cmlq4etx90007d6hgv1g928rl', 475, '2026-02-26T00:00:00.000Z', false, 'Gas', '2026-02-26T12:27:51.683Z'),
('cmm4v2orc000513qt2ptop3yg', 'user_39I81aeJK4a7G6Yd5mN164JsnKw', 'cmlar0e58000p11ezsccuclcw', 90, '2026-02-27T00:00:00.000Z', true, 'Auto-generated: Dinner Tiffin Service ', '2026-02-27T12:21:19.704Z'),
('cmm4vlbwr0001mdl1om5u189r', 'user_39I81aeJK4a7G6Yd5mN164JsnKw', 'cmlar0e58000p11ezsccuclcw', 90, '2026-02-26T00:00:00.000Z', false, 'Manual entry: Dinner Tiffin Service ', '2026-02-27T12:35:49.516Z'),
('cmm4xwi6300014anc1xpj2x92', 'user_39I81aeJK4a7G6Yd5mN164JsnKw', 'cmlaqhh2x000111ez3qg6rnos', 100, '2026-02-27T00:00:00.000Z', false, 'Manual entry: Lunch UMA Gift Tiffin Service', '2026-02-27T13:40:30.075Z'),
('cmm69nh3q0001ceolx33r40av', 'user_39I81aeJK4a7G6Yd5mN164JsnKw', 'cmlb3t01y0002roc6tdaqld27', 380, '2026-02-28T00:00:00.000Z', false, 'Lasagne coke', '2026-02-28T11:57:10.157Z'),
('cmm69p98y0003ceol1wmihkom', 'user_39I81aeJK4a7G6Yd5mN164JsnKw', 'cmlq4etx90007d6hgv1g928rl', 900, '2026-02-28T00:00:00.000Z', false, 'Car Ac Gas refill ', '2026-02-28T11:58:33.289Z'),
('cmm6bucv50001lksh6qk53zcv', 'user_39I81aeJK4a7G6Yd5mN164JsnKw', 'cmlb3t01y0002roc6tdaqld27', 90, '2026-02-28T00:00:00.000Z', false, 'Dabeli vadapav', '2026-02-28T12:58:30.485Z'),
('cmm7cghac0005norsz26m7x3l', 'user_39I81aeJK4a7G6Yd5mN164JsnKw', 'cmlb3t01y0002roc6tdaqld27', 200, '2026-03-01T00:00:00.000Z', false, 'Fafda Jalebi samosa', '2026-03-01T06:03:27.782Z'),
('cmm7yb42f000190si096xn2bn', 'user_39I81aeJK4a7G6Yd5mN164JsnKw', 'cmlb3t01y0002roc6tdaqld27', 60, '2026-03-01T00:00:00.000Z', false, 'Panipuri', '2026-03-01T16:15:09.966Z'),
('cmm8p838n0001lyrh26p78yx4', 'user_39I81aeJK4a7G6Yd5mN164JsnKw', 'cmlaqhh2x000111ez3qg6rnos', 100, '2026-03-02T00:00:00.000Z', true, 'Auto-generated: Lunch UMA Gift Tiffin Service', '2026-03-02T04:48:38.759Z');

INSERT INTO "recurringState" ("id", "categoryId", "lastGeneratedDate") VALUES 
('cmm4v2ofl000313qt51evnfpp', 'cmlaqhh2x000111ez3qg6rnos', '2026-03-02T00:00:00.000Z'),
('cmm4v2ox6000713qt3w9yydkz', 'cmlar0e58000p11ezsccuclcw', '2026-03-02T00:00:00.000Z');

INSERT INTO "stock" ("id", "userId", "symbol", "quantity", "avgPrice", "createdAt") VALUES 
('cmlq9wxrf000jwpar1fit1hjr', 'user_39I81aeJK4a7G6Yd5mN164JsnKw', 'BESTAGRO.NS', 300, 19.64, '2026-02-17T07:20:13.035Z'),
('cmlq93c320009yjevabh6ybg4', 'user_39I81aeJK4a7G6Yd5mN164JsnKw', 'TMPV.NS', 7, 403.56, '2026-02-17T06:57:11.763Z'),
('cmlq9x0lv000pwparb6jne0w4', 'user_39I81aeJK4a7G6Yd5mN164JsnKw', 'METAL.NS', 1020, 12, '2026-02-17T07:20:16.723Z'),
('cmlq9wziu000lwparn1w3oteu', 'user_39I81aeJK4a7G6Yd5mN164JsnKw', 'JIOFIN.NS', 11, 285.83, '2026-02-17T07:20:15.318Z'),
('cmlq92h5m0007yjev17iwp87k', 'user_39I81aeJK4a7G6Yd5mN164JsnKw', 'SILVERBEES.NS', 10, 229.61, '2026-02-17T06:56:31.658Z'),
('cmlq8eo6y0001yjevdpjc4r1d', 'user_39I81aeJK4a7G6Yd5mN164JsnKw', 'ITC.NS', 26, 337.27, '2026-02-17T06:38:01.049Z'),
('cmlq8xj700005yjevkshjk252', 'user_39I81aeJK4a7G6Yd5mN164JsnKw', 'TATAGOLD.NS', 31, 11.8, '2026-02-17T06:52:41.035Z'),
('cmlq9x1yj000rwparo5eg8nen', 'user_39I81aeJK4a7G6Yd5mN164JsnKw', 'OLAELEC.NS', 200, 32, '2026-02-17T07:20:18.476Z');

INSERT INTO "mutualFund" ("id", "userId", "symbol", "quantity", "avgPrice", "createdAt") VALUES 
('cmlqd918j0007klvhblqd121q', 'user_39I81aeJK4a7G6Yd5mN164JsnKw', '0P0001BAYU.BO', 13.277, 0, '2026-02-17T08:53:36.260Z'),
('cmlqd92nq0009klvh4gb3jjhy', 'user_39I81aeJK4a7G6Yd5mN164JsnKw', '0P0001BJEW.BO', 20.92, 0, '2026-02-17T08:53:38.103Z'),
('cmlqd93xx000bklvhzpu853mx', 'user_39I81aeJK4a7G6Yd5mN164JsnKw', 'Axis Multicap Fund Growth', 253.093, 0, '2026-02-17T08:53:39.765Z');

SET session_replication_role = 'origin';
-- DATA END --